COMUNAS_ZONAS_DESCRIPCION,LATITUD_Y,LONGITUD_X,n
No registra,4.6400353489,-74.064512,6
No registra,4.65301856,-74.054811,5
No registra,4.6660597471,-74.054979,4
No registra,4.6719189784,-74.051717,4
No registra,4.669351662,-74.054625,4
No registra,4.5973908276,-74.072166,4
No registra,4.6537787808,-74.062199,4
No registra,4.6333236022,-74.073262426,4
No registra,4.5991708682,-74.0748074431,3
No registra,4.6068662733,-74.075641,3
No registra,4.6542214145,-74.114096881,3
No registra,4.6062040704,-74.0712232557,3
No registra,4.588976934,-74.082674,3
No registra,4.605893939,-74.0713409815,3
No registra,4.5968893752,-74.0712336931,3
No registra,4.5917345176,-74.0759243302,3
No registra,4.6841067344,-74.0524818234,3
No registra,4.6072570969,-74.072206,3
No registra,4.6046430344,-74.0654934482,3
No registra,4.6485624676,-74.0598182115,3
No registra,4.6486093306,-74.0646796356,3
No registra,4.6776055334,-74.0466813691,3
No registra,4.6003115507,-74.0707079801,3
No registra,4.6037907864,-74.0798587249,3
No registra,4.6036746438,-74.080124871,3
No registra,4.5966042341,-74.0703958914,3
No registra,4.5966577057,-74.073700373,3
No registra,4.6034383475,-74.082265,3
No registra,4.6033190877,-74.0625121937,3
No registra,4.5969363276,-74.0724772856,3
No registra,4.6020867977,-74.0820269022,3
No registra,4.6216869721,-74.0680096779,3
No registra,4.6328052624,-74.0881831946,3
No registra,4.6213207993,-74.0728013816,3
No registra,4.5976228805,-74.0746635569,3
No registra,4.6264488164,-74.0706724299,3
No registra,4.601502233,-74.0690168,3
No registra,4.6188454278,-74.0656406057,3
No registra,4.6009862339,-74.0700930727,3
No registra,4.6178713293,-74.0630180869,3
No registra,4.6017560867,-74.0778403656,3
No registra,4.6326900845,-74.065735,3
No registra,5.4897087462,-73.209678,3
No registra,4.633323602,-74.07326243,3
No registra,4.6018129223,-74.0697199748,3
No registra,4.5639966612,-74.1084350834,3
No registra,4.6107062096,-74.0718486323,3
No registra,4.6020357793,-74.0691533432,3
No registra,4.597552423,-74.0744094286,3
No registra,4.6005692238,-74.0738690051,2
No registra,4.600954288,-74.07024649,2
No registra,4.6681329414,-74.0520098605,2
No registra,4.6730504997,-74.0543804074,2
No registra,4.6688688142,-74.0539934364,2
No registra,4.6009359245,-74.0701537424,2
No registra,4.672159231,-74.05359653,2
No registra,4.6009974729,-74.069897877,2
No registra,4.5990769324,-74.0747357764,2
No registra,4.6005285647,-74.0676993843,2
No registra,4.6757306261,-74.049665,2
No registra,4.5976103842,-74.070871123,2
No registra,4.5977552144,-74.0707787004,2
No registra,4.5977926445,-74.0639658558,2
No registra,4.5978006652,-74.069644126,2
No registra,4.5978738236,-74.076693789,2
No registra,4.5978890921,-74.0756264297,2
No registra,4.598052161,-74.06975952,2
No registra,4.5981058245,-74.0695623902,2
No registra,4.801989695,-74.03718141,2
No registra,4.5981411813,-74.0754599729,2
No registra,4.8007038996,-74.0375354019,2
No registra,4.7507176792,-74.0473746719,2
No registra,4.5982588187,-74.0752507606,2
No registra,4.6976383724,-74.0356739489,2
No registra,4.598793948,-74.07988916,2
No registra,4.5989043949,-74.0746369444,2
No registra,4.6896763882,-74.1312198481,2
No registra,4.6675242063,-74.0547237411,2
No registra,4.6800242898,-74.052837,2
No registra,4.667701715,-74.05156778,2
No registra,4.61305439,-74.056326,2
No registra,4.6013092323,-74.0693643142,2
No registra,4.6014496323,-74.0732931577,2
No registra,4.6059909672,-74.0661640683,2
No registra,4.6420581001,-74.0782658307,2
No registra,4.6412503184,-74.064920756,2
No registra,4.60750499,-74.07963587,2
No registra,4.639859777,-74.06374719,2
No registra,4.63860096,-74.07383642,2
No registra,4.612799457,-74.06662134,2
No registra,4.612995722,-74.10310956,2
No registra,4.613369574,-74.0919587778,2
No registra,4.615444201,-74.06913105,2
No registra,4.6167580103,-74.063099055,2
No registra,4.616879239,-74.06328467,2
No registra,4.6170902657,-74.1028847273,2
No registra,4.631289288,-74.06411079,2
No registra,4.6188061969,-74.0680601679,2
No registra,4.6188461,-74.0660035715,2
No registra,4.628695707,-74.068872283,2
No registra,4.6261694306,-74.0658622113,2
No registra,4.622157186,-74.07463494,2
No registra,4.605412043,-74.0714903531,2
No registra,4.6444796981,-74.0636803422,2
No registra,4.644836282,-74.0850489,2
No registra,4.653844658,-74.114686462,2
No registra,4.601524492,-74.0733709418,2
No registra,4.6586874182,-74.0553471669,2
No registra,4.6585499915,-74.055463,2
No registra,4.6580626448,-74.0530420953,2
No registra,4.6018324831,-74.0718077275,2
No registra,4.601880713,-74.07326785,2
No registra,4.6558864746,-74.11493,2
No registra,4.6022556363,-74.0786286058,2
No registra,4.6030140213,-74.0657767743,2
No registra,4.6048436893,-74.0646148439,2
No registra,4.6524244429,-74.0546846494,2
No registra,4.6033144164,-74.0681339021,2
No registra,4.6035435688,-74.0641421323,2
No registra,4.6509416589,-74.0635800695,2
No registra,4.6493940106,-74.090250764,2
No registra,4.6041448807,-74.0660742143,2
No registra,4.604172609,-74.0808651613,2
No registra,4.645435015,-74.07239798,2
No registra,4.6540906076,-74.1144396988,2
No registra,4.677102557,-74.09087917,2
No registra,4.597022315,-74.06967486,2
No registra,4.5963377598,-74.0703668677,2
No registra,4.59666473,-74.07271532,2
No registra,4.5962896353,-74.07034541,2
No registra,4.5972040002,-74.0772869669,2
UPZ No. 94 LA CANDELARIA ENO REPORTADO17,4.596988418,-74.06957093,2
UPZ No. 94 LA CANDELARIA ENO REPORTADO17,4.598025767,-74.07283786,2
No registra,4.5961197358,-74.0806385904,2
No registra,4.5963270655,-74.0717723452,2
No registra,4.57573765,-74.11888115,2
No registra,4.597021313,-74.07122658,2
No registra,4.5956591264,-74.0732356039,2
No registra,4.5973216377,-74.0721049391,2
UPZ No. 94 LA CANDELARIA ENO REPORTADO17,4.598830122,-74.07479665,1
UPZ No. 94 LA CANDELARIA ENO REPORTADO17,4.59909733,-74.07848697,1
UPZ No. 94 LA CANDELARIA ENO REPORTADO17,4.599076091,-74.07473228,1
No registra,4.648765244,-74.06335971,1
UPZ No. 94 LA CANDELARIA ENO REPORTADO17,4.598779715,-74.07064382,1
UPZ No. 94 LA CANDELARIA ENO REPORTADO17,4.599068461,-74.07518211,1
No registra,4.6503431074,-74.0642492208,1
No registra,4.650923937,-74.0556449196,1
UPZ No. 94 LA CANDELARIA ENO REPORTADO17,4.598838534,-74.07230142,1
No registra,4.649394011,-74.09025076,1
UPZ No. 94 LA CANDELARIA ENO REPORTADO17,4.59910989,-74.06936743,1
No registra,4.6494777531,-74.0591979854,1
No registra,4.649602193,-74.09925846,1
No registra,4.649289884,-74.10644744,1
UPZ No. 93 LAS NIEVES ENO REPORTADO3,4.60181025,-74.07303176,1
No registra,4.64833952,-74.0659392,1
No registra,4.6450860376,-74.100608,1
No registra,4.6441242323,-74.0617812303,1
No registra,4.644132774,-74.06207148,1
No registra,4.644479698,-74.06368034,1
UPZ No. 94 LA CANDELARIA ENO REPORTADO17,4.599704771,-74.0686268,1
No registra,4.6448362819,-74.0850488981,1
UPZ No. 94 LA CANDELARIA ENO REPORTADO17,4.599530598,-74.06976307,1
No registra,4.645059923,-74.0751507,1
No registra,4.645269528,-74.07235825,1
No registra,4.647760051,-74.10092137,1
UPZ No. 94 LA CANDELARIA ENO REPORTADO17,4.599517621,-74.06565491,1
No registra,4.6453756094,-74.0544827514,1
UPZ No. 94 LA CANDELARIA ENO REPORTADO17,4.599450782,-74.06949315,1
No registra,4.6454350151,-74.0723979808,1
UPZ No. 94 LA CANDELARIA ENO REPORTADO17,4.599250264,-74.06960312,1
UPZ No. 94 LA CANDELARIA ENO REPORTADO17,4.598694161,-74.07098714,1
No registra,4.6470676258,-74.066709,1
No registra,4.6458461273,-74.0624381833,1
No registra,4.651161553,-74.06223189,1
UPZ No. 94 LA CANDELARIA ENO REPORTADO17,4.598640689,-74.07384101,1
UPZ No. 94 LA CANDELARIA ENO REPORTADO17,4.598125691,-74.07493639,1
No registra,4.653956168,-74.1165258075,1
UPZ No. 94 LA CANDELARIA ENO REPORTADO17,4.598116278,-74.07485298,1
No registra,4.654090608,-74.1144397,1
No registra,4.654118369,-74.1148979,1
No registra,4.6542175883,-74.1141373561,1
UPZ No. 94 LA CANDELARIA ENO REPORTADO17,4.598009725,-74.07596532,1
No registra,4.6542728697,-74.1133566241,1
No registra,4.654343073,-74.09014528,1
No registra,4.6546384593,-74.1145454921,1
UPZ No. 94 LA CANDELARIA ENO REPORTADO17,4.597958537,-74.07466522,1
No registra,4.654766753,-74.1124661,1
No registra,4.6556222561,-74.1148264418,1
No registra,4.655662545,-74.0554311,1
UPZ No. 94 LA CANDELARIA ENO REPORTADO17,4.597945559,-74.06918469,1
No registra,4.6558502372,-74.1138526085,1
No registra,4.653844658,-74.11468646,1
UPZ No. 94 LA CANDELARIA ENO REPORTADO17,4.598260651,-74.07528481,1
No registra,4.650941659,-74.06358007,1
No registra,4.653774694,-74.06024421,1
No registra,4.651161553,-74.0622318915,1
UPZ No. 94 LA CANDELARIA ENO REPORTADO17,4.59850701,-74.07769534,1
No registra,4.644124232,-74.06178123,1
No registra,4.651588433,-74.1008569203,1
UPZ No. 94 LA CANDELARIA ENO REPORTADO17,4.598488129,-74.06721135,1
No registra,4.651846721,-74.11462125,1
No registra,4.652189698,-74.11275578,1
UPZ No. 94 LA CANDELARIA ENO REPORTADO17,4.59846958,-74.07617453,1
UPZ No. 94 LA CANDELARIA ENO REPORTADO17,4.598453148,-74.07149753,1
No registra,4.652424443,-74.05468465,1
No registra,4.652804718,-74.05649057,1
No registra,4.652885099,-74.11006776,1
UPZ No. 94 LA CANDELARIA ENO REPORTADO17,4.598325207,-74.06959775,1
UPZ No. 94 LA CANDELARIA ENO REPORTADO17,4.598271736,-74.06973723,1
No registra,4.6536951752,-74.0914060407,1
UPZ No. 94 LA CANDELARIA ENO REPORTADO17,4.600145519,-74.07776585,1
UPZ No. 94 LA CANDELARIA ENO REPORTADO17,4.600257809,-74.07294593,1
No registra,4.6438929788,-74.0630144522,1
No registra,4.631672889,-74.06395664,1
No registra,4.62952399,-74.07501129,1
No registra,4.629829583,-74.08875493,1
No registra,4.630768801,-74.0928655,1
UPZ No. 97 CHICO LAGO ENO REPORTADO2,4.667982061,-74.05285073,1
No registra,4.6312892884,-74.0641107903,1
UPZ No. 97 CHICO LAGO ENO REPORTADO2,4.667658325,-74.05131582,1
No registra,4.631535761,-74.14632373,1
UPZ No. 97 CHICO LAGO ENO REPORTADO2,4.667529616,-74.05473909,1
No registra,4.6294845266,-74.0655805794,1
No registra,4.63190987,-74.06513992,1
UPZ No. 97 CHICO LAGO ENO REPORTADO2,4.667503273,-74.0543038,1
UPZ No. 97 CHICO LAGO ENO REPORTADO2,4.667152839,-74.05338263,1
UPZ No. 97 CHICO LAGO ENO REPORTADO2,4.664928637,-74.04727719,1
No registra,4.633067342,-74.06194563,1
UPZ No. 96 LOURDES ENO REPORTADO3,4.584104087,-74.06916401,1
UPZ No. 95 LAS CRUCES ENO REPORTADO3,4.589729263,-74.07888432,1
No registra,4.629484527,-74.06558058,1
No registra,4.629302731,-74.08982775,1
No registra,4.633812842,-74.06392834,1
UPZ No. 99 CHAPINERO ENO REPORTADO2,4.647455576,-74.062834,1
UPZ No. 99 CHAPINERO ENO REPORTADO2,4.650591685,-74.06427625,1
No registra,4.62347742,-74.06624583,1
UPZ No. 99 CHAPINERO ENO REPORTADO2,4.650495444,-74.06321946,1
No registra,4.623514669,-74.06607947,1
UPZ No. 99 CHAPINERO ENO REPORTADO2,4.649549067,-74.06448546,1
UPZ No. 99 CHAPINERO ENO REPORTADO2,4.649415398,-74.06449619,1
No registra,4.626169431,-74.06586221,1
No registra,4.628559509,-74.06502268,1
No registra,4.628965844,-74.06518361,1
UPZ No. 99 CHAPINERO ENO REPORTADO2,4.645073811,-74.06386319,1
UPZ No. 99 CHAPINERO ENO REPORTADO2,4.64504173,-74.06365398,1
UPZ No. 99 CHAPINERO ENO REPORTADO2,4.644993218,-74.06388811,1
No registra,4.628695707,-74.06887228,1
UPZ No. 98 LOS ALCAZARES ENO REPORTADO12,4.661185813,-74.06517288,1
No registra,4.62883422,-74.0652311,1
UPZ No. 97 CHICO LAGO ENO REPORTADO2,4.668305132,-74.05261401,1
UPZ No. 95 LAS CRUCES ENO REPORTADO3,4.589432839,-74.07799307,1
No registra,4.6338128422,-74.0639283386,1
No registra,4.6438811514,-74.058478,1
UPZ No. 94 LA CANDELARIA ENO REPORTADO17,4.600691318,-74.06895134,1
UPZ No. 94 LA CANDELARIA ENO REPORTADO17,4.601127109,-74.06296733,1
No registra,4.6404496264,-74.0624585528,1
No registra,4.640602256,-74.07896001,1
No registra,4.641016391,-74.07287625,1
No registra,4.641250318,-74.06492076,1
UPZ No. 94 LA CANDELARIA ENO REPORTADO17,4.600776481,-74.07256773,1
No registra,4.642044322,-74.06226,1
No registra,4.6420581,-74.07826583,1
UPZ No. 94 LA CANDELARIA ENO REPORTADO17,4.602233964,-74.07255355,1
UPZ No. 94 LA CANDELARIA ENO REPORTADO17,4.600554966,-74.07064918,1
No registra,4.642211994,-74.07593705,1
UPZ No. 94 LA CANDELARIA ENO REPORTADO17,4.600399508,-74.07173357,1
UPZ No. 94 LA CANDELARIA ENO REPORTADO17,4.60034108,-74.07543961,1
No registra,4.6424938565,-74.067524,1
No registra,4.6437732996,-74.075687,1
UPZ No. 94 LA CANDELARIA ENO REPORTADO17,4.597870699,-74.07427016,1
UPZ No. 94 LA CANDELARIA ENO REPORTADO17,4.601512102,-74.0733153,1
No registra,4.6398597771,-74.0637471884,1
UPZ No. 95 LAS CRUCES ENO REPORTADO3,4.588137962,-74.0811841,1
No registra,4.6377619054,-74.0666417513,1
No registra,4.6339050718,-74.0892591852,1
No registra,4.634478529,-74.06715772,1
UPZ No. 94 LA CANDELARIA ENO REPORTADO17,4.609324212,-74.07036487,1
No registra,4.635676229,-74.06419656,1
No registra,4.635967813,-74.06821993,1
UPZ No. 94 LA CANDELARIA ENO REPORTADO17,4.603046726,-74.06347159,1
No registra,4.637753664,-74.06367091,1
No registra,4.637889829,-74.06799457,1
No registra,4.639405661,-74.06526676,1
UPZ No. 94 LA CANDELARIA ENO REPORTADO17,4.60277898,-74.06539551,1
No registra,4.6386009604,-74.0738364187,1
No registra,4.638777406,-74.16641018,1
No registra,4.639167726,-74.0615626303,1
UPZ No. 94 LA CANDELARIA ENO REPORTADO17,4.602233964,-74.072553549,1
No registra,4.639167726,-74.06156263,1
No registra,4.6394056605,-74.0652667609,1
UPZ No. 94 LA CANDELARIA ENO REPORTADO17,4.597908129,-74.07678071,1
UPZ No. 94 LA CANDELARIA ENO REPORTADO17,4.597571259,-74.07210294,1
No registra,4.6562564207,-74.16256,1
No registra,4.7551592274,-74.1075688971,1
UPZ No. 93 LAS NIEVES ENO REPORTADO3,4.60699517,-74.07101473,1
No registra,4.7052930311,-74.0419879336,1
No registra,4.7108959718,-74.0751614947,1
No registra,4.7470007616,-74.041597,1
No registra,4.750717679,-74.04737467,1
UPZ No. 93 LAS NIEVES ENO REPORTADO3,4.605356676,-74.07152358,1
No registra,4.7535206641,-74.0471092301,1
UPZ No. 93 LAS NIEVES ENO REPORTADO3,4.605009115,-74.07040242,1
UPZ No. 10 LA URIBE ENO REPORTADO1,4.602251605,-74.08118446,1
No registra,4.8007039,-74.0375354,1
No registra,4.8019896946,-74.0371814117,1
No registra,4.820760291,-74.03639815,1
UPZ No. 93 LAS NIEVES ENO REPORTADO3,4.604650859,-74.07023612,1
UPZ No. 93 LAS NIEVES ENO REPORTADO3,4.603760175,-74.07097718,1
TERMINAL DE TRANSPORTES,4.653414767,-74.11495391,1
TERMINAL DE TRANSPORTES,4.654633822,-74.11438528,1
No registra,4.697766948,-74.12614602,1
No registra,4.69766533,-74.1412629418,1
UPZ No. 93 LAS NIEVES ENO REPORTADO3,4.607797393,-74.0701752,1
No registra,4.697638372,-74.03567395,1
No registra,4.689600778,-74.13113771,1
UPZ No. 94 LA CANDELARIA ENO REPORTADO17,4.592603733,-74.06843636,1
UPZ No. 94 LA CANDELARIA ENO REPORTADO17,4.59147667,-74.07428626,1
No registra,4.689676388,-74.13121985,1
UPZ No. 94 LA CANDELARIA ENO REPORTADO17,4.591402896,-74.06959316,1
UPZ No. 93 LAS NIEVES ENO REPORTADO3,4.60986055,-74.07015106,1
No registra,4.691050225,-74.02867379,1
UPZ No. 93 LAS NIEVES ENO REPORTADO3,4.60806765,-74.07064918,1
No registra,4.691364962,-74.13394178,1
No registra,4.6933028309000004,-74.0351204309,1
No registra,4.693443455,-74.03514744,1
No registra,4.6938344,-74.03294078,1
No registra,4.694411372,-74.03167245,1
No registra,4.69677545,-74.04374126,1
No registra,4.697448575,-74.04287568,1
UPZ No. 93 LAS NIEVES ENO REPORTADO3,4.603736175,-74.06898588,1
UPZ No. 10 LA URIBE ENO REPORTADO1,4.632264715,-74.08828816,1
No registra,4.6577560568,-74.050768,1
UPZ No. 92 LA MACARENA ENO REPORTADO3,4.606304365,-74.06517966,1
UPZ No. 93 LAS NIEVES ENO REPORTADO3,4.602233964,-74.072553549,1
UPZ No. 92 LA MACARENA ENO REPORTADO3,4.602148522,-74.06851465,1
UPZ No. 92 LA MACARENA ENO REPORTADO3,4.603316755,-74.06329993,1
UPZ No. 92 LA MACARENA ENO REPORTADO3,4.603663927,-74.06453988,1
UPZ No. 92 LA MACARENA ENO REPORTADO3,4.603720462,-74.06497899,1
UPZ No. 93 LAS NIEVES ENO REPORTADO3,4.602084245,-74.07236579,1
UPZ No. 92 LA MACARENA ENO REPORTADO3,4.604511834,-74.06745735,1
UPZ No. 92 LA MACARENA ENO REPORTADO3,4.607859114,-74.06592849,1
UPZ No. 10 LA URIBE ENO REPORTADO1,4.647851077,-74.07412073,1
UPZ No. 93 LAS NIEVES ENO REPORTADO3,4.601201969,-74.07028172,1
UPZ No. 93 LAS NIEVES ENO REPORTADO3,4.601260787,-74.07019321,1
UPZ No. 93 LAS NIEVES ENO REPORTADO3,4.601319215,-74.06974873,1
UPZ No. 93 LAS NIEVES ENO REPORTADO3,4.601386054,-74.06949124,1
UPZ No. 93 LAS NIEVES ENO REPORTADO3,4.601419594,-74.06982842,1
UPZ No. 93 LAS NIEVES ENO REPORTADO3,4.601463978,-74.0727574,1
UPZ No. 93 LAS NIEVES ENO REPORTADO3,4.601635086,-74.06970504,1
UPZ No. 92 LA MACARENA ENO REPORTADO3,4.600159205,-74.06796453,1
UPZ No. 91 SAGRADO CORAZON ENO REPORTADO3,4.619245238,-74.06624577,1
UPZ No. 91 SAGRADO CORAZON ENO REPORTADO3,4.611022406,-74.06909266,1
UPZ No. 91 SAGRADO CORAZON ENO REPORTADO3,4.609794754,-74.07187763,1
UPZ No. 102 LA SABANA ENO REPORTADO14,4.611409566,-74.0756971,1
UPZ No. 102 LA SABANA ENO REPORTADO14,4.612839511,-74.07528481,1
UPZ No. 93 LAS NIEVES ENO REPORTADO3,4.603720462,-74.06888429,1
UPZ No. 102 LA SABANA ENO REPORTADO14,4.616029014,-74.07559327,1
UPZ No. 107 QUINTA PAREDES ENO REPORTADO13,4.629546537,-74.08916179,1
UPZ No. 93 LAS NIEVES ENO REPORTADO3,4.603356859,-74.07226387,1
UPZ No. 11 SAN CRISTOBAL NORTE ENO REPORTADO1,4.651832132,-74.11238972,1
UPZ No. 11 SAN CRISTOBAL NORTE ENO REPORTADO1,4.667568796,-74.11819037,1
UPZ No. 93 LAS NIEVES ENO REPORTADO3,4.60320714,-74.0722746,1
UPZ No. 14 USAQUEN ENO REPORTADO1,4.702439552,-74.0283247,1
UPZ No. 75 FONTIBON ENO REPORTADO9,4.666344488,-74.12429145,1
UPZ No. 93 LAS NIEVES ENO REPORTADO3,4.60312751,-74.07911501,1
UPZ No. 84 BOSA OCCIDENTAL ENO REPORTADO7,4.606893575,-74.06550548,1
UPZ No. 93 LAS NIEVES ENO REPORTADO3,4.602389031,-74.07483879,1
UPZ No. 88 EL REFUGIO ENO REPORTADO2,4.664835301,-74.05137483,1
No registra,4.688340925,-74.04749713,1
No registra,4.688337503,-74.1451206,1
No registra,4.6881060807,-74.1291264925,1
UPZ No. 94 LA CANDELARIA ENO REPORTADO17,4.596309328,-74.06967822,1
No registra,4.667001113,-74.05487988,1
No registra,4.6670830818,-74.0526144608,1
No registra,4.6671812482,-74.0565198678,1
No registra,4.66745292,-74.05318918,1
No registra,4.6674548893,-74.053224,1
No registra,4.667524206,-74.05472374,1
No registra,4.667599171,-74.07849646,1
No registra,4.6677017151,-74.0515677767,1
No registra,4.685344222,-74.03547588,1
No registra,4.667881491,-74.05290892,1
UPZ No. 94 LA CANDELARIA ENO REPORTADO17,4.596298634,-74.07046143,1
No registra,4.668132941,-74.05200986,1
UPZ No. 94 LA CANDELARIA ENO REPORTADO17,4.59611644,-74.07212517,1
No registra,4.66827201,-74.05262471,1
No registra,4.668868814,-74.05399344,1
UPZ No. 94 LA CANDELARIA ENO REPORTADO17,4.59604197,-74.0715844,1
No registra,4.666630456,-74.05305136,1
No registra,4.666526992,-74.05274889,1
UPZ No. 94 LA CANDELARIA ENO REPORTADO17,4.596773259,-74.07614669,1
UPZ No. 94 LA CANDELARIA ENO REPORTADO17,4.596822838,-74.07499154,1
UPZ No. 94 LA CANDELARIA ENO REPORTADO17,4.597769103,-74.07597068,1
No registra,4.6577867691,-74.060405,1
UPZ No. 93 LAS NIEVES ENO REPORTADO3,4.601800457,-74.07251677,1
UPZ No. 94 LA CANDELARIA ENO REPORTADO17,4.597474619,-74.07325706,1
No registra,4.658687418,-74.05534717,1
UPZ No. 94 LA CANDELARIA ENO REPORTADO17,4.597307993,-74.07369109,1
No registra,4.659386599,-74.10836682,1
No registra,4.6651568176,-74.050178,1
UPZ No. 94 LA CANDELARIA ENO REPORTADO17,4.597263406,-74.07363257,1
UPZ No. 94 LA CANDELARIA ENO REPORTADO17,4.597149962,-74.06982767,1
No registra,4.665427601,-74.05016781,1
No registra,4.665468357,-74.05231437,1
No registra,4.6658109428,-74.0527479086,1
No registra,4.665992328,-74.05529163,1
No registra,4.666011576,-74.05011996,1
No registra,4.6690230771,-74.0542204291,1
UPZ No. 94 LA CANDELARIA ENO REPORTADO17,4.596031276,-74.07211367,1
No registra,4.6693532227,-74.0539825731,1
UPZ No. 94 LA CANDELARIA ENO REPORTADO17,4.595090173,-74.07843295,1
No registra,4.677102557,-74.0908791748,1
No registra,4.6230470355,-74.0753127866,1
UPZ No. 94 LA CANDELARIA ENO REPORTADO17,4.594841139,-74.07372377,1
No registra,4.6776626042,-74.0489724058,1
No registra,4.677851074,-74.05363938,1
No registra,4.677932935,-74.05403757,1
No registra,4.6788600485,-74.049513,1
No registra,4.679526432,-74.04389395,1
UPZ No. 94 LA CANDELARIA ENO REPORTADO17,4.594306421,-74.07296202,1
No registra,4.680420546,-74.0536072,1
No registra,4.6804470326,-74.07195,1
No registra,4.680495694,-74.04756243,1
No registra,4.683145903,-74.04481986,1
UPZ No. 94 LA CANDELARIA ENO REPORTADO17,4.593678518,-74.06953875,1
No registra,4.6847012587,-74.0422060477,1
No registra,4.6767604806,-74.048303,1
No registra,4.6750419565,-74.044369,1
UPZ No. 94 LA CANDELARIA ENO REPORTADO17,4.596023255,-74.07198485,1
No registra,4.674872719,-74.04562951,1
No registra,4.669772147,-74.05519365,1
No registra,4.669886809,-74.05518622,1
No registra,4.670317746,-74.04863975,1
No registra,4.671547487,-74.13794561,1
UPZ No. 94 LA CANDELARIA ENO REPORTADO17,4.595892249,-74.06992498,1
No registra,4.6721092575,-74.0595607195,1
UPZ No. 94 LA CANDELARIA ENO REPORTADO17,4.595763917,-74.07076183,1
No registra,4.6721592313,-74.0535965309,1
UPZ No. 94 LA CANDELARIA ENO REPORTADO17,4.595389615,-74.07101933,1
UPZ No. 94 LA CANDELARIA ENO REPORTADO17,4.595336143,-74.07260719,1
No registra,4.6730505,-74.05438041,1
No registra,4.673100015,-74.120621,1
UPZ No. 94 LA CANDELARIA ENO REPORTADO17,4.595122257,-74.07357279,1
No registra,4.6743589976,-74.0586156295,1
No registra,4.674652932,-74.04810437,1
No registra,4.623298309,-74.06184168,1
AEROPUERTO,4.690477357,-74.1337401,1
No registra,4.6221571861,-74.0746349432,1
No registra,4.597873824,-74.07669379,1
No registra,4.59744997,-74.0721103,1
No registra,4.597460145,-74.07215714,1
No registra,4.597492865,-74.07204057,1
No registra,4.5975201652,-74.0721585088,1
No registra,4.597535524,-74.07214785,1
No registra,4.59754399,-74.06927449,1
No registra,4.59759969,-74.06966949,1
No registra,4.597599808,-74.0769651,1
No registra,4.597608803,-74.06904832,1
No registra,4.597610384,-74.07087112,1
No registra,4.597685244,-74.07219077,1
No registra,4.5976901544,-74.0744462574,1
No registra,4.597692891,-74.06890488,1
No registra,4.597737832,-74.0743333743,1
No registra,4.597755214,-74.0707787,1
No registra,4.59778914,-74.06886197,1
No registra,4.597792645,-74.06396586,1
No registra,4.597800665,-74.06964413,1
No registra,4.5978407044,-74.06912,1
No registra,4.597433928,-74.07215858,1
No registra,4.5974143413,-74.0744060648,1
No registra,4.597404,-74.07214641,1
No registra,4.597096173,-74.0698165343,1
No registra,4.596920666,-74.06969626,1
No registra,4.5969302525,-74.0713731838,1
No registra,4.5969411054,-74.0713078425,1
No registra,4.5969428469,-74.0712444219,1
No registra,4.59697942,-74.07133246,1
No registra,4.5970213128,-74.0712265832,1
No registra,4.5970223153,-74.0696748577,1
No registra,4.5970604844,-74.0712819987,1
No registra,4.59714825,-74.06984087,1
No registra,4.597358685,-74.07580247,1
No registra,4.597154093,-74.0689334,1
No registra,4.597171917,-74.07146121,1
No registra,4.5971900368,-74.077905,1
No registra,4.597204,-74.07728697,1
No registra,4.597225389,-74.06977678,1
No registra,4.597316291,-74.07081965,1
No registra,4.597321638,-74.07210494,1
No registra,4.597331448,-74.0734965251,1
No registra,4.597867938,-74.06896961,1
No registra,4.597889092,-74.07562643,1
No registra,4.596722756,-74.07273794,1
No registra,4.597925492,-74.06910605,1
No registra,4.598498012,-74.07002354,1
No registra,4.598508706,-74.06765247,1
No registra,4.598604955,-74.07026494,1
No registra,4.5987072331,-74.0734996133,1
No registra,4.5987287966,-74.0738300714,1
No registra,4.5987608795,-74.068690959,1
No registra,4.598776063,-74.06842495,1
No registra,4.598779021,-74.08004914,1
No registra,4.5987939482,-74.0798891627,1
No registra,4.598904395,-74.07463694,1
No registra,4.599076932,-74.07473578,1
No registra,4.599183917,-74.07077129,1
No registra,4.599195488,-74.07111024,1
No registra,4.599203835,-74.07105351,1
No registra,4.599209316,-74.07065461,1
No registra,4.5992100397,-74.0747956667,1
No registra,4.599215814,-74.07488254,1
No registra,4.59922001,-74.07066266,1
No registra,4.5992879984,-74.168977,1
No registra,4.5984186803,-74.0728472865,1
No registra,4.5983907541,-74.0700740264,1
No registra,4.598262737,-74.06824256,1
No registra,4.5981212867,-74.067246,1
No registra,4.597930899,-74.0692800925,1
No registra,4.597936104,-74.10600807,1
No registra,4.5979410399,-74.0695596598,1
No registra,4.598048851,-74.0693369,1
No registra,4.5980521613,-74.0697595224,1
No registra,4.598092284,-74.07550503,1
No registra,4.598103751,-74.07614125,1
No registra,4.598105825,-74.06956239,1
No registra,4.59812514,-74.07559408,1
No registra,4.5982582474,-74.0731219683,1
No registra,4.598141181,-74.07545997,1
No registra,4.598155794,-74.06963731,1
No registra,4.598170053,-74.06943631,1
No registra,4.598176868,-74.0696770594,1
No registra,4.5981771826,-74.075452336,1
No registra,4.598177183,-74.07545234,1
No registra,4.598201926,-74.07519172,1
No registra,4.598253489,-74.07545461,1
No registra,4.596819005,-74.07118226,1
No registra,4.596701367,-74.06907941,1
No registra,4.599516643,-74.06920815,1
No registra,4.593033204,-74.07121445,1
No registra,4.563996661,-74.10843508,1
No registra,4.5757376499,-74.1188811536,1
No registra,4.586200003,-74.06765708,1
No registra,4.586621535,-74.0760644,1
No registra,4.5877882727,-74.077179604,1
No registra,4.5882310954,-74.07925791,1
No registra,4.5884782399,-74.0816406641,1
No registra,4.5887830317,-74.0805892382,1
No registra,4.5889042763,-74.0804917262,1
No registra,4.589708877,-74.07659811,1
No registra,4.5898416061,-74.0793951087,1
No registra,4.5899737198,-74.0765327857,1
No registra,4.590600228,-74.07088722,1
No registra,4.591181377,-74.08770267,1
No registra,4.592322027,-74.07170797,1
No registra,4.592426934,-74.06773177,1
No registra,4.592576997,-74.0717918,1
No registra,4.592619433,-74.07076803,1
No registra,4.59264651,-74.07076183,1
No registra,4.506522555,-74.10540734,1
No registra,4.3147905463,-74.180603,1
LOCALIDAD TEUSAQUILLO,4.648949204,-74.0649288,1
LOCALIDAD SANTAFE,4.602121674,-74.07837931,1
LOCALIDAD CHAPINERO,4.66729334,-74.05474714,1
LOCALIDAD CHAPINERO,4.668238044,-74.05621431,1
LOCALIDAD CHAPINERO,4.668521415,-74.05661932,1
LOCALIDAD CHAPINERO,4.670406256,-74.05551157,1
LOCALIDAD CHAPINERO,4.680872159,-74.04412559,1
LOCALIDAD CHAPINERO,4.686026031,-74.01339552,1
LOCALIDAD SANTAFE,4.59204456,-74.06799457,1
LOCALIDAD SANTAFE,4.60160835,-74.0733153,1
LOCALIDAD SANTAFE,4.60292909,-74.07916251,1
LOCALIDAD TEUSAQUILLO,4.643974782,-74.09980229,1
LOCALIDAD SANTAFE,4.604886131,-74.05550543,1
LOCALIDAD SANTAFE,4.612240802,-74.07170138,1
LOCALIDAD SANTAFE,4.613951694,-74.06149289,1
LOCALIDAD SANTAFE,4.616670656,-74.06672856,1
LOCALIDAD SANTAFE,4.6211434948,-74.062087963,1
LOCALIDAD SANTAFE,4.623306659,-74.06634155,1
LOCALIDAD SANTAFE,4.626062622,-74.06805894,1
LOCALIDAD TEUSAQUILLO,4.634371722,-74.07744131,1
No registra,4.593011815,-74.07121445,1
No registra,4.5930652451,-74.0711919701,1
No registra,4.596701367,-74.06919742,1
No registra,4.593377262,-74.07161709,1
No registra,4.596119736,-74.08063859,1
No registra,4.5961613119,-74.0686306728,1
No registra,4.596185366,-74.06969363,1
No registra,4.596247315,-74.07037637,1
No registra,4.596289635,-74.07034541,1
No registra,4.596322401,-74.0703653332,1
No registra,4.596327066,-74.07177235,1
No registra,4.59633776,-74.07036687,1
No registra,4.596343107,-74.07033517,1
No registra,4.596398088,-74.07038639,1
No registra,4.596413128,-74.0702972549,1
No registra,4.5964188248,-74.0702680979,1
No registra,4.596439483,-74.0707129,1
No registra,4.596573035,-74.06914914,1
No registra,4.596606131,-74.07270542,1
No registra,4.596652818,-74.06912931,1
No registra,4.5966647304,-74.07271532,1
No registra,4.596677836,-74.07266603,1
No registra,4.596688828,-74.06909032,1
No registra,4.596051686,-74.07148535,1
No registra,4.5960124401,-74.070257369,1
No registra,4.5959374049,-74.0696050458,1
No registra,4.5943985378,-74.0730005873,1
No registra,4.5936066655,-74.1148198218,1
No registra,4.593606666,-74.11481982,1
No registra,4.5937238483,-74.0719417963,1
No registra,4.5937238483,-74.0718559656,1
No registra,4.5942583918,-74.0738000207,1
No registra,4.594283561,-74.0693534,1
No registra,4.5943129829,-74.0730005873,1
No registra,4.5943546411,-74.0706886582,1
No registra,4.594422493,-74.08187613,1
No registra,4.595659126,-74.0732356,1
No registra,4.59464767,-74.07150558,1
No registra,4.5950043496,-74.0721978728,1
No registra,4.5950345474,-74.0723587672,1
No registra,4.595311103,-74.07237316,1
No registra,4.595322255,-74.08347628,1
No registra,4.5953850796,-74.0713185714,1
No registra,4.5954127,-74.07087649,1
No registra,4.5954406285,-74.070331,1
No registra,4.599371911,-74.06946633,1
No registra,4.5995243491,-74.0696985171,1
No registra,4.621756585,-74.07248459,1
No registra,4.6075049902,-74.0796358688,1
No registra,4.605081649,-74.06637374,1
No registra,4.6051281321,-74.0650636599,1
No registra,4.605139598,-74.06515679,1
No registra,4.6051917606,-74.073171,1
No registra,4.605205653,-74.07154475,1
No registra,4.6052799673,-74.0682691706,1
No registra,4.605412043,-74.07149035,1
No registra,4.605627261,-74.07240116,1
No registra,4.605684158,-74.07148109,1
No registra,4.605955886,-74.06521566,1
No registra,4.605990967,-74.06616407,1
No registra,4.6063395775,-74.071193021,1
No registra,4.606400231,-74.06383374,1
No registra,4.6066220879,-74.0717882288,1
No registra,4.6068884979,-74.0651075277,1
No registra,4.606953079,-74.06586412,1
No registra,4.606955116,-74.07124547,1
No registra,4.607009759,-74.06541054,1
No registra,4.607030429,-74.06518121,1
No registra,4.605075433,-74.07162628,1
No registra,4.6050483217,-74.0672532949,1
No registra,4.6049742382,-74.0726713571,1
No registra,4.604119118,-74.07316509,1
No registra,4.603534125,-74.07224325,1
No registra,4.603543569,-74.06414213,1
No registra,4.6038299576,-74.0649305019,1
No registra,4.603830902,-74.073279537,1
No registra,4.603846001,-74.07835078,1
No registra,4.6038529737,-74.0784345413,1
No registra,4.603946399,-74.05935256,1
No registra,4.604041624,-74.0646363,1
No registra,4.604144881,-74.06607421,1
No registra,4.604843689,-74.06461484,1
No registra,4.6041721726,-74.0731541548,1
No registra,4.604172609,-74.08086516,1
No registra,4.604250486,-74.06633573,1
No registra,4.6044842958,-74.065793,1
No registra,4.60449865,-74.05822649,1
No registra,4.6046228309,-74.0740651534,1
No registra,4.604704665,-74.06703956,1
No registra,4.604808422,-74.06571262,1
No registra,4.607038893,-74.07094204,1
No registra,4.607539985,-74.06428898,1
No registra,4.603375574,-74.06347427,1
No registra,4.60820388,-74.0706328783,1
No registra,4.616885261,-74.06323619,1
No registra,4.616988981,-74.06454889,1
No registra,4.617172413,-74.15327977,1
No registra,4.617221447,-74.06458286,1
No registra,4.617240694,-74.06342481,1
No registra,4.61728347,-74.06154727,1
No registra,4.617371505,-74.0648422,1
No registra,4.617448722,-74.06238301,1
No registra,4.6175220325,-74.0659293312,1
No registra,4.617542268,-74.06216887,1
No registra,4.6178499413,-74.062993947,1
No registra,4.618731796,-74.06565836,1
No registra,4.618806197,-74.06806017,1
No registra,4.6188461,-74.06600357,1
No registra,4.6193952238,-74.0684441957,1
No registra,4.619913481,-74.07214126,1
No registra,4.6205782621,-74.069034,1
No registra,4.620772194,-74.07089863,1
No registra,4.621534954,-74.0699043,1
No registra,4.6168792386,-74.0632846699,1
No registra,4.61675801,-74.06309906,1
No registra,4.616698593,-74.06559674,1
No registra,4.612126882,-74.06941084,1
No registra,4.609814806,-74.07194603,1
No registra,4.610102041,-74.07110208,1
No registra,4.610656142,-74.07880307,1
No registra,4.6107928049,-74.0753287447,1
No registra,4.6111126839,-74.0754393968,1
No registra,4.6113585565,-74.0758517197,1
No registra,4.611735736,-74.06565357,1
No registra,4.6120564385,-74.0673927698,1
No registra,4.612425066,-74.06309071,1
No registra,4.616376619,-74.06478671,1
No registra,4.612799457,-74.0666213379,1
No registra,4.6129957219,-74.1031095625,1
AEROPUERTO,4.691554276,-74.13379452,1
No registra,4.613369574,-74.09195878,1
No registra,4.61347701,-74.0699902,1
No registra,4.6154330912,-74.0690986547,1
No registra,4.615704048,-74.0622547,1
No registra,4.615912173,-74.07241192,1
No registra,4.603469893,-74.06426627,1
No registra,4.6033380233,-74.0687016878,1
No registra,4.599599524,-74.06970168,1
No registra,4.6012354326,-74.0699881957,1
No registra,4.600899916,-74.07281656,1
No registra,4.600903341,-74.0737432883,1
No registra,4.600914866,-74.07011063,1
No registra,4.600935925,-74.07015374,1
No registra,4.600936308,-74.07015229,1
No registra,4.600937898,-74.07014904,1
No registra,4.600938655,-74.07005881,1
No registra,4.6009461181,-74.0700203822,1
No registra,4.6009542878,-74.0702464919,1
No registra,4.600977223,-74.07251417,1
No registra,4.60098547,-74.07281656,1
No registra,4.600997473,-74.06989788,1
No registra,4.601006678,-74.0680686865,1
No registra,4.60101514,-74.06991685,1
No registra,4.601027209,-74.0724429,1
No registra,4.601041108,-74.07246755,1
No registra,4.601066359,-74.0701057,1
No registra,4.601124731,-74.070043,1
No registra,4.601139499,-74.06886483,1
No registra,4.600872261,-74.07134319,1
No registra,4.60082744,-74.07258919,1
No registra,4.600706854,-74.06403125,1
No registra,4.600153931,-74.07071892,1
No registra,4.599727855,-74.07558108,1
No registra,4.599770632,-74.07207275,1
No registra,4.599861534,-74.06807626,1
No registra,4.599891719,-74.07426487,1
No registra,4.5999906922,-74.076163,1
No registra,4.600005906,-74.07050634,1
No registra,4.600136612,-74.07290641,1
No registra,4.600144932,-74.07434727,1
No registra,4.600447874,-74.06912251,1
No registra,4.6007052207,-74.0701719855,1
No registra,4.600448023,-74.07394025,1
No registra,4.600455066,-74.0690955,1
No registra,4.600476454,-74.07515729,1
No registra,4.600513884,-74.07389397,1
No registra,4.600528565,-74.06769938,1
No registra,4.600556661,-74.07016838,1
No registra,4.600569224,-74.07386901,1
No registra,4.600686031,-74.07298822,1
No registra,4.601150312,-74.07008792,1
No registra,4.601235747,-74.07341386,1
No registra,4.6033166349,-74.0671084556,1
No registra,4.601289675,-74.07336825,1
No registra,4.6022137997,-74.069695,1
No registra,4.602223604,-74.06850941,1
No registra,4.602255636,-74.07862861,1
No registra,4.602317137,-74.06957697,1
No registra,4.602412233,-74.07263065,1
No registra,4.602540446,-74.06920815,1
No registra,4.602593917,-74.07104278,1
No registra,4.6027754042,-74.0796763346,1
No registra,4.602800418,-74.06437901,1
No registra,4.602817135,-74.0683002,1
No registra,4.602894668,-74.06131573,1
No registra,4.6029313435,-74.0683821723,1
No registra,4.603014021,-74.06577677,1
No registra,4.603035197,-74.06106867,1
No registra,4.603110891,-74.07373774,1
No registra,4.6031544923,-74.066246785,1
No registra,4.6031989984,-74.0662394199,1
No registra,4.603314416,-74.0681339,1
No registra,4.6033160786,-74.0661064008,1
No registra,4.602101598,-74.07219222,1
No registra,4.6020654092,-74.064238492,1
No registra,4.6020535429,-74.0783620522,1
No registra,4.6016376392,-74.0731648836,1
No registra,4.601309232,-74.06936431,1
No registra,4.6013712273,-74.0734807027,1
No registra,4.6013822137,-74.0596659215,1
No registra,4.6014023656,-74.073336545,1
No registra,4.601406855,-74.07325292,1
No registra,4.601449632,-74.07329316,1
No registra,4.601465249,-74.07318481,1
No registra,4.601524492,-74.07337094,1
No registra,4.6017588816,-74.0693250078,1
No registra,4.60204851,-74.07215858,1
No registra,4.6017632967,-74.0729208026,1
No registra,4.6017766645,-74.0696458254,1
No registra,4.601817469,-74.06966072,1
No registra,4.601832483,-74.07180773,1
No registra,4.6018663936,-74.0697199748,1
No registra,4.6018807127,-74.0732678518,1
No registra,4.6018943012,-74.0713409815,1
No registra,4.602015544,-74.07296745,1
UPZ No. 99 CHAPINERO ENO REPORTADO2,4.664632128,-74.05490461,1
